{
  "id": "tickpoint-combat",
  "title": "TickPoint Combat",
  "description": "Replacing the standard Runequest Glorantha Strike Rank system with Action Points and Speed.",
  "compatibility": {
    "minimum": 11,
    "verified": 12
  },  
  "version": "1.0.0",
  "authors": [
    {
      "name": "Gamebot2022",
      "email": "someone@somewhere.com"
    }
  ],
  "relationships": {
    "systems": [
      {
        "id": "rqg",
        "type": "system",
        "compatibility": {
          "minimum": "3.3.0"
        }
      }
    ]
  },
  "scripts": [],
  "styles": [],
  "esmodules": [],
  "languages": [
    {
      "lang": "en",
      "name": "English",
      "path": "lang/en.json"
    }
  ],
  "url": "https://gamebot2022.github.io/ActionPointsAndTickCombat/",
  "manifest": "https://gamebot2022.github.io/ActionPointsAndTickCombat/module.json",
  "download": "https://gamebot2022.github.io/ActionPointsAndTickCombat/tickpoint-combat.zip"
}
