{
  "id": "Runequest_Glornatha_Replacing_Strike_Ranks_with_Action_Points_and_Speed",
  "title": "TickPoint Combat",
  "description": "Replacing the standard Runequest Glorantha Strike Rank system with Action Points and Speed.",
  "version": "1.0.0",
  "author": "OpenAI ChatGPT",
  "minimumCoreVersion": "10",
  "compatibleCoreVersion": "11",
  "systems": ["rqg"],
  "scripts": [
    "scripts/combat-tracker.js",
    "scripts/history-log.js",
    "scripts/item-sheet.js"
  ],
  "styles": ["styles/tickpoint-combat.css"],
  "esmodules": [],
  "languages": [
    {
      "lang": "en",
      "name": "English",
      "path": "lang/en.json"
    }
  ],
  "url": "https://gamebot2022.github.io/ActionPointsAndTickCombat/",
  "manifest": "https://gamebot2022.github.io/ActionPointsAndTickCombat/module.json",
  "download": "https://gamebot2022.github.io/ActionPointsAndTickCombat/tickpoint-combat.zip"
}