{
  "id": "Runequest_Glornatha_Replacing_Strike_Ranks_with_Action_Points_and_Speed",
  "title": "TickPoint Combat",
  "description": "Replacing the standard Runequest Glorantha Strike Rank system with Action Points and Speed.",
  "compatibility": {
    "minimum": 11,
    "verified": 12
  },  
  "version": "1.0.0",
  "authors": [
    {
      "name": "Gamebot2022",
      "email": "someone@somewhere.com"
    }
  ],
  "relationships": {
    "systems": [
      {
        "id": "rqg",
        "type": "system",
        "compatibility": {
          "minimum": "3.3.0"
        }
      }
    ]
  },
  "scripts": [
    "scripts/helpers.js",
    "scripts/settings.js",
    "scripts/ap-tracker.js",
    "scripts/tick-scheduler.js",
    "scripts/long-action.js",
    "ui/gm-panel.js",
    "ui/quick-actions.js",
    "ui/tick-tracker.js",
    "scripts/history-log.js",
   
    "scripts/init.js",
    "scripts/combat-tracker.js",
    "scripts/action-system.js",
    "scripts/history-log.js",
    "scripts/gm-settings.js",
    "scripts/quick-action-ui.js",
    "scripts/item-sheet.js",
    "scripts/cleanup.js"
  ],
  "styles": [
    "styles/tickpoint-combat.css"
    "styles/custom-actions.css",
    "styles.css"
            ],
  "esmodules": [
        "scripts/helpers.js",
      "scripts/settings.js",
      "scripts/ap-tracker.js",
      "scripts/tick-scheduler.js",
      "scripts/long-action.js",
      "ui/gm-panel.js",
      "ui/quick-actions.js",
      "ui/tick-tracker.js",
      "scripts/history-log.js",
      "module.js"
              ],
  "languages": [
    {
      "lang": "en",
      "name": "English",
      "path": "lang/en.json"
    }
  ],
  "url": "https://gamebot2022.github.io/ActionPointsAndTickCombat/",
  "manifest": "https://gamebot2022.github.io/ActionPointsAndTickCombat/module.json",
  "download": "https://gamebot2022.github.io/ActionPointsAndTickCombat/tickpoint-combat.zip"
}
