{
  "id": "Runequest_Glornatha_Replacing_Strike_Ranks_with_Action_Points_and_Speed",
  "title": "TickPoint Combat",
  "description": "Advanced tick-based combat and AP system for Foundry VTT with customizable actions, GM panels, and animated tick tracking.",
  "version": "1.0.4",
  "author": "GameBot2022",
  "minimumCoreVersion": "11",
  "compatibleCoreVersion": "11",
  "scripts": [],
  "esmodules": [
    "modules/tickpoint-combat/module.js",
    "modules/tickpoint-combat/scripts/ap-tracker.js",
    "modules/tickpoint-combat/scripts/tick-scheduler.js",
    "modules/tickpoint-combat/scripts/quick-actions.js",
    "modules/tickpoint-combat/scripts/long-action.js",
    "modules/tickpoint-combat/scripts/gm-panel.js",
    "modules/tickpoint-combat/scripts/custom-actions.js",
    "modules/tickpoint-combat/scripts/tick-tracker.js",
    "modules/tickpoint-combat/scripts/settings.js",
    "modules/tickpoint-combat/scripts/helpers.js",
    "modules/tickpoint-combat/scripts/history-log.js",
    "modules/tickpoint-combat/scripts/ap-utils.js",
    "modules/tickpoint-combat/scripts/cleanup.js"
  ],
  "styles": [
    "modules/tickpoint-combat/styles/tickpoint-combat.css"
  ],
  "languages": [],
  "templates": [
      "templates/quick-actions.html",
      "templates/custom-actions.html",
      "templates/history-log.html",
      "templates/tick-tracker.html",
      "templates/long-action.html"
  ],
  "packs": [],
  "assets": [],
  "url": "https://github.com/GameBot2022/ActionPointsAndTickCombat",
  "manifest": "https://gamebot2022.github.io/ActionPointsAndTickCombat/module.json",
  "download": "https://github.com/GameBot2022/ActionPointsAndTickCombat/releases/latest/download/module.zip",
  "readme": "https://github.com/GameBot2022/ActionPointsAndTickCombat#readme",
  "bugs": "https://github.com/GameBot2022/ActionPointsAndTickCombat/issues",
  "license": "MIT"
}
